{"mean":{"confidence_interval":{"confidence_level":0.95,"lower_bound":2951160.0579984244,"upper_bound":3022098.5902031977},"point_estimate":2984498.4093661173,"standard_error":18194.773742817135},"median":{"confidence_interval":{"confidence_level":0.95,"lower_bound":2892846.882352941,"upper_bound":2921063.855},"point_estimate":2905818.709770115,"standard_error":9445.052841884755},"median_abs_dev":{"confidence_interval":{"confidence_level":0.95,"lower_bound":38125.35022869687,"upper_bound":82283.61838733997},"point_estimate":62531.77755614322,"standard_error":13422.499519536479},"slope":{"confidence_interval":{"confidence_level":0.95,"lower_bound":2906897.772210944,"upper_bound":2944240.6773481164},"point_estimate":2923530.0116181467,"standard_error":9515.36765848499},"std_dev":{"confidence_interval":{"confidence_level":0.95,"lower_bound":134408.14373345865,"upper_bound":224496.88558787157},"point_estimate":182090.61201391072,"standard_error":22955.704869034293}}