{"mean":{"confidence_interval":{"confidence_level":0.95,"lower_bound":35905065.66833334,"upper_bound":36617556.90333332},"point_estimate":36241708.123333335,"standard_error":182280.1097330745},"median":{"confidence_interval":{"confidence_level":0.95,"lower_bound":35471779.80000001,"upper_bound":35864313.166666664},"point_estimate":35643185.916666664,"standard_error":91486.72428002441},"median_abs_dev":{"confidence_interval":{"confidence_level":0.95,"lower_bound":628915.2023345232,"upper_bound":1112536.472098522},"point_estimate":924368.2192891873,"standard_error":127654.00061484838},"slope":null,"std_dev":{"confidence_interval":{"confidence_level":0.95,"lower_bound":1362915.6918787411,"upper_bound":2210868.7283423617},"point_estimate":1825571.6803167316,"standard_error":216369.49134438994}}