{"mean":{"confidence_interval":{"confidence_level":0.95,"lower_bound":-0.14357105810922494,"upper_bound":-0.10337498223894437},"point_estimate":-0.12341031970445027,"standard_error":0.010249602901989611},"median":{"confidence_interval":{"confidence_level":0.95,"lower_bound":-0.16151610236536518,"upper_bound":-0.11352159906097026},"point_estimate":-0.1422996592671928,"standard_error":0.012691500246471686}}