{"mean":{"confidence_interval":{"confidence_level":0.95,"lower_bound":-0.1316465242245842,"upper_bound":-0.1000257060227102},"point_estimate":-0.11571640502508707,"standard_error":0.008077399777864085},"median":{"confidence_interval":{"confidence_level":0.95,"lower_bound":-0.1405648601248588,"upper_bound":-0.11669970755287618},"point_estimate":-0.1321742278079575,"standard_error":0.005868981383934525}}