{"mean":{"confidence_interval":{"confidence_level":0.95,"lower_bound":-0.09954165419954694,"upper_bound":-0.02703824904916773},"point_estimate":-0.06394118667155058,"standard_error":0.018841792199860666},"median":{"confidence_interval":{"confidence_level":0.95,"lower_bound":-0.12326365206070522,"upper_bound":-0.060701334721729894},"point_estimate":-0.08867806061115546,"standard_error":0.015883452631100234}}