{"mean":{"confidence_interval":{"confidence_level":0.95,"lower_bound":201390376.3565,"upper_bound":205684575.10325},"point_estimate":203465508.23,"standard_error":1098043.9557522296},"median":{"confidence_interval":{"confidence_level":0.95,"lower_bound":199065552.5,"upper_bound":204086635.5},"point_estimate":202673276.0,"standard_error":1268972.9413981682},"median_abs_dev":{"confidence_interval":{"confidence_level":0.95,"lower_bound":7566372.611770034,"upper_bound":11998531.844383478},"point_estimate":9846135.456696153,"standard_error":1124066.6964335684},"slope":null,"std_dev":{"confidence_interval":{"confidence_level":0.95,"lower_bound":8918622.915106447,"upper_bound":12960022.811898157},"point_estimate":10996424.97800237,"standard_error":1035387.8509841652}}