{"mean":{"confidence_interval":{"confidence_level":0.95,"lower_bound":425109220.532,"upper_bound":432494908.91775},"point_estimate":428824198.28,"standard_error":1887559.4325608264},"median":{"confidence_interval":{"confidence_level":0.95,"lower_bound":423758113.0,"upper_bound":435985198.5},"point_estimate":430781483.0,"standard_error":3385635.335658339},"median_abs_dev":{"confidence_interval":{"confidence_level":0.95,"lower_bound":16915390.073391795,"upper_bound":25543485.162044983},"point_estimate":22321931.799906492,"standard_error":2234187.1743317996},"slope":null,"std_dev":{"confidence_interval":{"confidence_level":0.95,"lower_bound":16576306.333518257,"upper_bound":21123331.18921374},"point_estimate":18945309.936503284,"standard_error":1159641.5451027935}}