{"mean":{"confidence_interval":{"confidence_level":0.95,"lower_bound":0.017788260497224297,"upper_bound":0.0709412264277321},"point_estimate":0.044577690335101394,"standard_error":0.013555208228315192},"median":{"confidence_interval":{"confidence_level":0.95,"lower_bound":0.03318307855254887,"upper_bound":0.09598872997265406},"point_estimate":0.05430918008938179,"standard_error":0.0167776135763605}}