{"mean":{"confidence_interval":{"confidence_level":0.95,"lower_bound":0.2969314026987034,"upper_bound":0.3813240154093205},"point_estimate":0.3394857804667024,"standard_error":0.021579787007652312},"median":{"confidence_interval":{"confidence_level":0.95,"lower_bound":0.3334424736485828,"upper_bound":0.41651328546984323},"point_estimate":0.3818432123763371,"standard_error":0.020879497899007577}}