{"mean":{"confidence_interval":{"confidence_level":0.95,"lower_bound":0.029152785118825755,"upper_bound":0.10134210626468466},"point_estimate":0.06533245968168133,"standard_error":0.018703122416356598},"median":{"confidence_interval":{"confidence_level":0.95,"lower_bound":0.010494219503671909,"upper_bound":0.07975969454922067},"point_estimate":0.04697898210314455,"standard_error":0.01743507654041547}}