{"mean":{"confidence_interval":{"confidence_level":0.95,"lower_bound":303411675.03,"upper_bound":309938591.55525},"point_estimate":306586349.02,"standard_error":1660279.6972028501},"median":{"confidence_interval":{"confidence_level":0.95,"lower_bound":298493108.0,"upper_bound":305507401.5},"point_estimate":300757561.0,"standard_error":1890496.6616860023},"median_abs_dev":{"confidence_interval":{"confidence_level":0.95,"lower_bound":8196825.270277262,"upper_bound":16178635.7380718},"point_estimate":10518739.17375505,"standard_error":2190846.323640522},"slope":null,"std_dev":{"confidence_interval":{"confidence_level":0.95,"lower_bound":13433322.211850736,"upper_bound":19571333.556825265},"point_estimate":16670528.95793461,"standard_error":1568547.0894778522}}