{"mean":{"confidence_interval":{"confidence_level":0.95,"lower_bound":19584147.420950003,"upper_bound":20178202.524000008},"point_estimate":19863493.148000006,"standard_error":151585.68165720848},"median":{"confidence_interval":{"confidence_level":0.95,"lower_bound":19206456.2,"upper_bound":19448488.65},"point_estimate":19373630.75,"standard_error":54322.00507841742},"median_abs_dev":{"confidence_interval":{"confidence_level":0.95,"lower_bound":552780.2837061872,"upper_bound":992432.3572430512},"point_estimate":746243.8647115225,"standard_error":106183.2487350917},"slope":null,"std_dev":{"confidence_interval":{"confidence_level":0.95,"lower_bound":1045609.1294316608,"upper_bound":1942627.5476418254},"point_estimate":1512670.441451515,"standard_error":230755.5961569374}}