{"mean":{"confidence_interval":{"confidence_level":0.95,"lower_bound":72600773.56333339,"upper_bound":73863127.44450001},"point_estimate":73209192.30333333,"standard_error":320957.13123091304},"median":{"confidence_interval":{"confidence_level":0.95,"lower_bound":71661243.0,"upper_bound":72637914.51666665},"point_estimate":72298903.83333334,"standard_error":233555.96728548707},"median_abs_dev":{"confidence_interval":{"confidence_level":0.95,"lower_bound":1536089.7097289488,"upper_bound":3067770.1671362},"point_estimate":2398945.8445102125,"standard_error":433043.18292143894},"slope":null,"std_dev":{"confidence_interval":{"confidence_level":0.95,"lower_bound":2596148.631633458,"upper_bound":3793506.663411671},"point_estimate":3226563.7360536307,"standard_error":307864.41026662895}}