{"mean":{"confidence_interval":{"confidence_level":0.95,"lower_bound":-0.03928799932467273,"upper_bound":-0.007541955812650642},"point_estimate":-0.023189801241754515,"standard_error":0.008099879478941722},"median":{"confidence_interval":{"confidence_level":0.95,"lower_bound":-0.03524290649782935,"upper_bound":-0.009217705422341238},"point_estimate":-0.019411699855747422,"standard_error":0.006562511318962604}}