{"mean":{"confidence_interval":{"confidence_level":0.95,"lower_bound":-0.05021701625473556,"upper_bound":0.0037498153051959433},"point_estimate":-0.023148499824733326,"standard_error":0.013798893832660298},"median":{"confidence_interval":{"confidence_level":0.95,"lower_bound":-0.03448631683349879,"upper_bound":0.01812168976015749},"point_estimate":-0.0043471699469376235,"standard_error":0.01378050675225768}}