{"mean":{"confidence_interval":{"confidence_level":0.95,"lower_bound":-0.10437479352181273,"upper_bound":-0.06244217153960197},"point_estimate":-0.08285082794444854,"standard_error":0.010733693346218612},"median":{"confidence_interval":{"confidence_level":0.95,"lower_bound":-0.11226285462619401,"upper_bound":-0.06108202145375419},"point_estimate":-0.08374971384286001,"standard_error":0.01498374087664432}}