{"mean":{"confidence_interval":{"confidence_level":0.95,"lower_bound":716362.854273306,"upper_bound":738130.7548588478},"point_estimate":727095.1558470741,"standard_error":5552.125918368682},"median":{"confidence_interval":{"confidence_level":0.95,"lower_bound":707434.8362346874,"upper_bound":742999.9717514124},"point_estimate":718226.3009770114,"standard_error":9415.628773973927},"median_abs_dev":{"confidence_interval":{"confidence_level":0.95,"lower_bound":49430.16844685257,"upper_bound":73344.76539244162},"point_estimate":61332.01299958385,"standard_error":6179.753930802805},"slope":{"confidence_interval":{"confidence_level":0.95,"lower_bound":687482.2309541632,"upper_bound":712246.9239066065},"point_estimate":698626.5569612335,"standard_error":6335.4659464137185},"std_dev":{"confidence_interval":{"confidence_level":0.95,"lower_bound":47347.84257838448,"upper_bound":64008.31053781223},"point_estimate":55897.73537369549,"standard_error":4270.4890397143645}}