{"mean":{"confidence_interval":{"confidence_level":0.95,"lower_bound":-0.009257068226595099,"upper_bound":0.05029815969975406},"point_estimate":0.019687019050148136,"standard_error":0.015252039979227748},"median":{"confidence_interval":{"confidence_level":0.95,"lower_bound":-0.02722098737962586,"upper_bound":0.040358612081969},"point_estimate":0.0023346952693215073,"standard_error":0.0174107778958637}}