{"mean":{"confidence_interval":{"confidence_level":0.95,"lower_bound":34717463.106291674,"upper_bound":36888261.32058333},"point_estimate":35554136.75333334,"standard_error":579116.6607412064},"median":{"confidence_interval":{"confidence_level":0.95,"lower_bound":34174444.5,"upper_bound":35084388.833333336},"point_estimate":34606591.25,"standard_error":202050.41032159736},"median_abs_dev":{"confidence_interval":{"confidence_level":0.95,"lower_bound":1307502.8164371885,"upper_bound":2176637.6385569517},"point_estimate":1707948.1273278566,"standard_error":218957.87752636944},"slope":null,"std_dev":{"confidence_interval":{"confidence_level":0.95,"lower_bound":1724919.3291245634,"upper_bound":9623282.385500895},"point_estimate":5818391.655616449,"standard_error":2681724.6984907184}}