{"mean":{"confidence_interval":{"confidence_level":0.95,"lower_bound":-0.037143529755007385,"upper_bound":0.040445352653780055},"point_estimate":0.0006850518433723085,"standard_error":0.019786820108445537},"median":{"confidence_interval":{"confidence_level":0.95,"lower_bound":-0.03432410836880042,"upper_bound":0.052233925269306036},"point_estimate":0.02127686864923506,"standard_error":0.02203131222062325}}