{"mean":{"confidence_interval":{"confidence_level":0.95,"lower_bound":18272308.551199995,"upper_bound":18767333.380999997},"point_estimate":18512832.141000003,"standard_error":126860.65725431063},"median":{"confidence_interval":{"confidence_level":0.95,"lower_bound":17809999.0,"upper_bound":18294113.1},"point_estimate":18002139.55,"standard_error":120502.49695708303},"median_abs_dev":{"confidence_interval":{"confidence_level":0.95,"lower_bound":487376.27542734257,"upper_bound":1066637.573783402},"point_estimate":784691.3143989454,"standard_error":147924.31895140882},"slope":null,"std_dev":{"confidence_interval":{"confidence_level":0.95,"lower_bound":1056160.719358594,"upper_bound":1479800.8619278332},"point_estimate":1278203.6418709434,"standard_error":108430.79522166004}}