{"mean":{"confidence_interval":{"confidence_level":0.95,"lower_bound":-0.0356241118167956,"upper_bound":0.008288716270135998},"point_estimate":-0.014163272624615919,"standard_error":0.011204334319976925},"median":{"confidence_interval":{"confidence_level":0.95,"lower_bound":-0.05234840716908962,"upper_bound":-0.006485232576223465},"point_estimate":-0.031777372164085604,"standard_error":0.011768195078429716}}