{"mean":{"confidence_interval":{"confidence_level":0.95,"lower_bound":39619456.46525,"upper_bound":40469640.28320002},"point_estimate":40028462.422000006,"standard_error":216713.5588663038},"median":{"confidence_interval":{"confidence_level":0.95,"lower_bound":39045342.0,"upper_bound":39597604.0},"point_estimate":39283044.400000006,"standard_error":131713.51618970907},"median_abs_dev":{"confidence_interval":{"confidence_level":0.95,"lower_bound":815091.8044692256,"upper_bound":1696308.4573245028},"point_estimate":1349377.3948037645,"standard_error":228541.2747031717},"slope":null,"std_dev":{"confidence_interval":{"confidence_level":0.95,"lower_bound":1687692.2408878573,"upper_bound":2609716.4152654335},"point_estimate":2184789.23631311,"standard_error":234824.98966690272}}