{"mean":{"confidence_interval":{"confidence_level":0.95,"lower_bound":0.4455799959393102,"upper_bound":0.5179594451296318},"point_estimate":0.48023346637995057,"standard_error":0.018414869057920537},"median":{"confidence_interval":{"confidence_level":0.95,"lower_bound":0.4134686538683585,"upper_bound":0.4871556574276352},"point_estimate":0.4479019055076294,"standard_error":0.01934623284297346}}