{"mean":{"confidence_interval":{"confidence_level":0.95,"lower_bound":-0.06439759520007862,"upper_bound":-0.022563313720770858},"point_estimate":-0.04411147236530888,"standard_error":0.010685678231323216},"median":{"confidence_interval":{"confidence_level":0.95,"lower_bound":-0.08295462708343948,"upper_bound":-0.023519284800918028},"point_estimate":-0.059460203086052155,"standard_error":0.01568282239089518}}