{"mean":{"confidence_interval":{"confidence_level":0.95,"lower_bound":53802345.364125,"upper_bound":54934295.61},"point_estimate":54346528.4925,"standard_error":288854.04855503683},"median":{"confidence_interval":{"confidence_level":0.95,"lower_bound":53082532.75,"upper_bound":53687461.0},"point_estimate":53287808.0,"standard_error":153288.96758036377},"median_abs_dev":{"confidence_interval":{"confidence_level":0.95,"lower_bound":1028132.1173720062,"upper_bound":1964865.2822166681},"point_estimate":1383276.1536419392,"standard_error":241258.1121874491},"slope":null,"std_dev":{"confidence_interval":{"confidence_level":0.95,"lower_bound":2245195.3837059005,"upper_bound":3444894.2617150308},"point_estimate":2887511.637820598,"standard_error":307756.75674476445}}