{"mean":{"confidence_interval":{"confidence_level":0.95,"lower_bound":0.013961280430328854,"upper_bound":0.06659869899295875},"point_estimate":0.04097515785706696,"standard_error":0.013559291817429554},"median":{"confidence_interval":{"confidence_level":0.95,"lower_bound":0.012648103940285722,"upper_bound":0.08972526869192277},"point_estimate":0.04951891018648591,"standard_error":0.02041262934310408}}