{"mean":{"confidence_interval":{"confidence_level":0.95,"lower_bound":-0.004547272669240719,"upper_bound":0.05932770107166632},"point_estimate":0.027888503073203896,"standard_error":0.016004936335988026},"median":{"confidence_interval":{"confidence_level":0.95,"lower_bound":0.0724478939272244,"upper_bound":0.14573073757522725},"point_estimate":0.12234042078016016,"standard_error":0.019983711330291296}}