{"mean":{"confidence_interval":{"confidence_level":0.95,"lower_bound":-0.1796652031636056,"upper_bound":-0.12591375462469778},"point_estimate":-0.15425097238218455,"standard_error":0.01375043995151001},"median":{"confidence_interval":{"confidence_level":0.95,"lower_bound":-0.1910485673390513,"upper_bound":-0.1379129442209056},"point_estimate":-0.16972650834839997,"standard_error":0.013379201083002593}}