{"mean":{"confidence_interval":{"confidence_level":0.95,"lower_bound":14948450.171538467,"upper_bound":15421233.094500005},"point_estimate":15173396.546153842,"standard_error":120084.18289403548},"median":{"confidence_interval":{"confidence_level":0.95,"lower_bound":14687159.0,"upper_bound":15060419.923076924},"point_estimate":14926550.884615384,"standard_error":97140.83577557623},"median_abs_dev":{"confidence_interval":{"confidence_level":0.95,"lower_bound":599362.7651514917,"upper_bound":1016159.7661903277},"point_estimate":875499.1771260127,"standard_error":110899.64163018635},"slope":null,"std_dev":{"confidence_interval":{"confidence_level":0.95,"lower_bound":899337.6023337841,"upper_bound":1486360.644957567},"point_estimate":1204401.9542301157,"standard_error":150325.2577793669}}