{"mean":{"confidence_interval":{"confidence_level":0.95,"lower_bound":0.006758209077375624,"upper_bound":0.05834270645728493},"point_estimate":0.03395764917330624,"standard_error":0.013136681091493208},"median":{"confidence_interval":{"confidence_level":0.95,"lower_bound":0.023823898275498134,"upper_bound":0.0781346113578234},"point_estimate":0.04638785348410712,"standard_error":0.014123195628073855}}