{"mean":{"confidence_interval":{"confidence_level":0.95,"lower_bound":-0.08171074504703259,"upper_bound":-0.01822055180386695},"point_estimate":-0.04820706521030438,"standard_error":0.01623847877117422},"median":{"confidence_interval":{"confidence_level":0.95,"lower_bound":-0.04704744964722718,"upper_bound":0.010241406441390887},"point_estimate":-0.01792492847783156,"standard_error":0.015464817760285587}}