{"mean":{"confidence_interval":{"confidence_level":0.95,"lower_bound":-0.026393583654636264,"upper_bound":0.017211289746845986},"point_estimate":-0.004556086990418429,"standard_error":0.01118673195236406},"median":{"confidence_interval":{"confidence_level":0.95,"lower_bound":-0.04404456617631951,"upper_bound":0.018547330208571244},"point_estimate":-0.02047064370680063,"standard_error":0.016456969531439776}}