{"mean":{"confidence_interval":{"confidence_level":0.95,"lower_bound":-0.10858609062347704,"upper_bound":-0.05746748596426972},"point_estimate":-0.08349176118359936,"standard_error":0.013080651677871948},"median":{"confidence_interval":{"confidence_level":0.95,"lower_bound":-0.09655751826877801,"upper_bound":-0.048947068217801815},"point_estimate":-0.07072566877547415,"standard_error":0.012272148026060596}}