{"mean":{"confidence_interval":{"confidence_level":0.95,"lower_bound":-0.09451986046469057,"upper_bound":-0.04304307745529374},"point_estimate":-0.06811198043858613,"standard_error":0.013158638914923549},"median":{"confidence_interval":{"confidence_level":0.95,"lower_bound":-0.14174886780075285,"upper_bound":-0.03339613762906535},"point_estimate":-0.09660643177375583,"standard_error":0.029725307545901296}}