{"mean":{"confidence_interval":{"confidence_level":0.95,"lower_bound":10921053.97243055,"upper_bound":11196324.620972218},"point_estimate":11051929.972777776,"standard_error":70684.34194269989},"median":{"confidence_interval":{"confidence_level":0.95,"lower_bound":10776266.277777778,"upper_bound":10910259.0},"point_estimate":10837217.888888888,"standard_error":35682.02693662803},"median_abs_dev":{"confidence_interval":{"confidence_level":0.95,"lower_bound":242477.00179517406,"upper_bound":502682.4810589347},"point_estimate":399492.5756742549,"standard_error":72157.60111383008},"slope":null,"std_dev":{"confidence_interval":{"confidence_level":0.95,"lower_bound":526958.3418759699,"upper_bound":877220.1255404295},"point_estimate":711436.5741732201,"standard_error":90061.61068490666}}