{"mean":{"confidence_interval":{"confidence_level":0.95,"lower_bound":0.09211397382539965,"upper_bound":0.1656119226311886},"point_estimate":0.12286607851725662,"standard_error":0.018425078039248602},"median":{"confidence_interval":{"confidence_level":0.95,"lower_bound":0.089722549228624,"upper_bound":0.13666569490289437},"point_estimate":0.11248324195236559,"standard_error":0.012218866363674731}}