{"mean":{"confidence_interval":{"confidence_level":0.95,"lower_bound":56794161.444437504,"upper_bound":58454176.22925001},"point_estimate":57608711.7325,"standard_error":424553.43031906796},"median":{"confidence_interval":{"confidence_level":0.95,"lower_bound":55790103.875,"upper_bound":57519274.375},"point_estimate":56609830.5,"standard_error":432522.654573312},"median_abs_dev":{"confidence_interval":{"confidence_level":0.95,"lower_bound":2430678.734821826,"upper_bound":4841615.539044142},"point_estimate":3478757.752239704,"standard_error":608033.8102558857},"slope":null,"std_dev":{"confidence_interval":{"confidence_level":0.95,"lower_bound":3676885.333306638,"upper_bound":4743172.429663014},"point_estimate":4255760.403051174,"standard_error":272665.2597643795}}