{"mean":{"confidence_interval":{"confidence_level":0.95,"lower_bound":28124251.367464297,"upper_bound":29058048.39828572},"point_estimate":28576990.572857153,"standard_error":239423.00197752693},"median":{"confidence_interval":{"confidence_level":0.95,"lower_bound":27405689.0,"upper_bound":28495912.714285713},"point_estimate":27749498.92857143,"standard_error":292981.4236882527},"median_abs_dev":{"confidence_interval":{"confidence_level":0.95,"lower_bound":1320632.9159540767,"upper_bound":2610726.9199503325},"point_estimate":1710160.6430385786,"standard_error":325288.81361383596},"slope":null,"std_dev":{"confidence_interval":{"confidence_level":0.95,"lower_bound":1974245.697232592,"upper_bound":2805080.605273302},"point_estimate":2405319.4729903513,"standard_error":212681.7264785036}}