{"mean":{"confidence_interval":{"confidence_level":0.95,"lower_bound":20697675.84179999,"upper_bound":21134858.6378},"point_estimate":20907862.591,"standard_error":111822.83833466386},"median":{"confidence_interval":{"confidence_level":0.95,"lower_bound":20520143.2,"upper_bound":20845622.9},"point_estimate":20640968.35,"standard_error":79056.55862556683},"median_abs_dev":{"confidence_interval":{"confidence_level":0.95,"lower_bound":538855.1858434103,"upper_bound":930893.4630033384},"point_estimate":718691.9681006692,"standard_error":101219.5330149136},"slope":null,"std_dev":{"confidence_interval":{"confidence_level":0.95,"lower_bound":836305.2654150056,"upper_bound":1386285.3810701813},"point_estimate":1130728.4596573506,"standard_error":140993.91272150885}}