{"mean":{"confidence_interval":{"confidence_level":0.95,"lower_bound":-0.21649761318694796,"upper_bound":-0.17927725101786107},"point_estimate":-0.19789410134826502,"standard_error":0.009463858213245604},"median":{"confidence_interval":{"confidence_level":0.95,"lower_bound":-0.23309318410535818,"upper_bound":-0.18589063727652297},"point_estimate":-0.21726042214406316,"standard_error":0.012240945974135104}}