{"mean":{"confidence_interval":{"confidence_level":0.95,"lower_bound":1130864.568505462,"upper_bound":1171279.4310430798},"point_estimate":1150296.1586032151,"standard_error":10302.55115370285},"median":{"confidence_interval":{"confidence_level":0.95,"lower_bound":1104296.6875,"upper_bound":1141577.2212892016},"point_estimate":1117232.8374401913,"standard_error":9527.891068057223},"median_abs_dev":{"confidence_interval":{"confidence_level":0.95,"lower_bound":49412.28659187416,"upper_bound":100739.44319732615},"point_estimate":69466.80323918302,"standard_error":13804.538679973186},"slope":{"confidence_interval":{"confidence_level":0.95,"lower_bound":1123670.6132337898,"upper_bound":1163908.4228100744},"point_estimate":1142576.0747620808,"standard_error":10307.688098768303},"std_dev":{"confidence_interval":{"confidence_level":0.95,"lower_bound":79889.42215030176,"upper_bound":126940.63412579146},"point_estimate":103593.03336094368,"standard_error":12098.310692404066}}