{"mean":{"confidence_interval":{"confidence_level":0.95,"lower_bound":-0.05177511171093368,"upper_bound":-0.009616251269399391},"point_estimate":-0.031073176252387258,"standard_error":0.01076004024940222},"median":{"confidence_interval":{"confidence_level":0.95,"lower_bound":-0.047265693957981525,"upper_bound":-0.009744097379830396},"point_estimate":-0.02733569439224437,"standard_error":0.009290355141293527}}