{"mean":{"confidence_interval":{"confidence_level":0.95,"lower_bound":102469764.553125,"upper_bound":104628088.924},"point_estimate":103525697.855,"standard_error":552324.8909221523},"median":{"confidence_interval":{"confidence_level":0.95,"lower_bound":101279713.0,"upper_bound":103967425.75},"point_estimate":102636293.0,"standard_error":762477.8290095129},"median_abs_dev":{"confidence_interval":{"confidence_level":0.95,"lower_bound":3436259.765294194,"upper_bound":5819159.677389264},"point_estimate":4335001.861788332,"standard_error":636144.5302900615},"slope":null,"std_dev":{"confidence_interval":{"confidence_level":0.95,"lower_bound":4616098.633426361,"upper_bound":6391603.9768703235},"point_estimate":5552095.252701659,"standard_error":457886.03869196516}}